Model,Accuracy,Precision,Recall,F1 Score
Decision Tree,0.5675675675675675,0.5675675675675675,0.5675675675675675,0.5675675675675675
Random Forest,0.7297297297297297,0.733923578751165,0.7297297297297297,0.7084672084672085
Logistic Regression,0.7027027027027027,0.7988871224165343,0.7027027027027027,0.6352048643070315
