Model,Accuracy,Precision,Recall,F1 Score
Decision Tree,0.5945945945945946,0.589050589050589,0.5945945945945946,0.5913999105488467
Random Forest,0.7027027027027027,0.6962676962676962,0.7027027027027027,0.6849611760097694
Logistic Regression,0.7027027027027027,0.7988871224165343,0.7027027027027027,0.6352048643070315
